,Token Length
2334,1
1275,1
1258,1
283,1
1244,1
1221,1
1674,1
1198,1
3615,1
1197,1
1196,1
2480,1
3660,1
2360,1
3728,1
3773,1
3787,1
3876,1
3893,1
976,1
948,1
2239,1
911,1
2375,1
4094,1
3349,1
3334,1
294,1
207,1
1514,1
1513,1
2778,1
1473,1
2823,1
2629,1
2624,1
1457,1
2501,1
2931,1
3008,1
3036,1
2561,1
3085,1
3124,1
1362,1
1596,1
3262,1
316,1
2503,1
2989,1
4180,1
204,1
4689,1
4324,1
750,1
1826,1
610,1
500,1
4517,1
4601,1
48,1
4789,1
1955,1
3263,2
4568,2
3187,2
3195,2
514,2
3146,2
1994,2
1373,2
3097,2
3237,2
2525,2
1820,2
4536,2
4686,2
3340,2
1298,2
25,2
3370,2
540,2
4511,2
556,2
326,2
574,2
4497,2
2432,2
3487,2
4565,2
319,2
1397,2
2578,2
2673,2
2674,2
293,2
4825,2
1534,2
4823,2
2735,2
195,2
2740,2
4798,2
2633,2
1485,2
186,2
2857,2
2863,2
2880,2
2891,2
51,2
3037,2
14,2
1404,2
169,2
4695,2
3069,2
4701,2
2956,2
1579,2
176,2
2953,2
505,2
4736,2
2978,2
3526,2
3500,2
199,2
1694,2
3857,2
92,2
3861,2
1698,2
368,2
4204,2
4333,2
1021,2
4195,2
4259,2
3938,2
980,2
4321,2
829,2
955,2
952,2
752,2
930,2
761,2
361,2
2112,2
4060,2
2144,2
4074,2
4138,2
1821,2
4353,2
862,2
3771,2
1098,2
598,2
3553,2
3568,2
3593,2
2388,2
4434,2
2020,2
336,2
1830,2
4240,2
3645,2
338,2
2379,2
233,2
2072,2
3665,2
3681,2
784,2
2094,2
3689,2
3697,2
1693,2
3714,2
788,2
816,2
4354,2
3740,2
4368,2
4100,2
1861,3
1834,3
1854,3
1810,3
1770,3
1589,3
1738,3
1737,3
1666,3
1726,3
1574,3
1610,3
1852,3
1614,3
1651,3
1859,3
1731,3
1232,3
1538,3
1040,3
1030,3
1028,3
1000,3
981,3
965,3
923,3
905,3
894,3
859,3
787,3
1051,3
775,3
740,3
625,3
622,3
611,3
577,3
519,3
513,3
486,3
478,3
459,3
456,3
773,3
1564,3
1096,3
1157,3
1520,3
1507,3
1468,3
1463,3
1424,3
1420,3
1388,3
1374,3
1358,3
1352,3
1343,3
1151,3
1338,3
1321,3
1278,3
1277,3
1249,3
1892,3
1215,3
1210,3
1206,3
1189,3
1175,3
1161,3
1325,3
1909,3
0,3
1946,3
4031,3
4015,3
4001,3
3991,3
3975,3
3974,3
3962,3
3954,3
3943,3
3936,3
3933,3
3914,3
3870,3
3866,3
4052,3
3864,3
3759,3
3758,3
3726,3
3707,3
3663,3
3661,3
3659,3
3658,3
3636,3
3634,3
3628,3
3610,3
3604,3
3549,3
3842,3
4053,3
4064,3
4099,3
4805,3
4796,3
4795,3
4765,3
4755,3
4724,3
4630,3
4613,3
4542,3
4512,3
4501,3
4499,3
4480,3
4445,3
4432,3
4417,3
4414,3
4145,3
4149,3
4211,3
4213,3
4215,3
4222,3
3528,3
4238,3
4278,3
4286,3
4304,3
4335,3
4377,3
4386,3
4243,3
1937,3
3521,3
3471,3
2667,3
2666,3
2649,3
2596,3
2584,3
2559,3
2539,3
2502,3
2494,3
2445,3
2422,3
2393,3
2346,3
2324,3
2705,3
2308,3
2283,3
2278,3
2273,3
2258,3
2219,3
2090,3
2088,3
2086,3
2030,3
2004,3
2002,3
1975,3
1957,3
1950,3
2307,3
449,3
2715,3
2720,3
3432,3
3430,3
3415,3
3405,3
3399,3
3379,3
3348,3
3347,3
3335,3
3292,3
3286,3
3278,3
3267,3
3259,3
3169,3
3150,3
3109,3
2748,3
2755,3
2759,3
2764,3
2798,3
2826,3
3486,3
2854,3
2954,3
2992,3
3022,3
3056,3
3061,3
3071,3
2898,3
448,3
2418,3
55,3
358,3
104,3
261,3
328,3
107,3
393,3
247,3
234,3
310,3
36,3
88,3
251,3
372,3
244,3
148,3
231,3
171,3
1,3
342,3
3504,4
4255,4
1887,4
2373,4
4257,4
2377,4
3502,4
4261,4
334,4
4284,4
765,4
763,4
3529,4
2383,4
2401,4
187,4
335,4
2822,4
709,4
4229,4
4129,4
4133,4
1154,4
2456,4
223,4
1638,4
3591,4
369,4
1163,4
1846,4
1847,4
2434,4
1188,4
2430,4
4196,4
265,4
1173,4
1856,4
1174,4
340,4
3574,4
796,4
188,4
3559,4
2409,4
1865,4
2426,4
2832,4
1229,4
1601,4
4378,4
692,4
2879,4
4384,4
3429,4
4390,4
2881,4
3426,4
180,4
4399,4
2893,4
3398,4
1274,4
669,4
323,4
3384,4
2312,4
1282,4
1283,4
1286,4
1935,4
2304,4
3372,4
4441,4
652,4
694,4
3443,4
232,4
3448,4
2356,4
183,4
3609,4
2864,4
3470,4
1902,4
2343,4
42,4
725,4
2866,4
1590,4
2868,4
4308,4
3463,4
4348,4
4349,4
714,4
713,4
1585,4
2874,4
1911,4
1915,4
2878,4
4371,4
1581,4
698,4
2340,4
832,4
3612,4
2783,4
3741,4
1066,4
1068,4
2574,4
3931,4
3937,4
3940,4
2573,4
3731,4
2567,4
214,4
3946,4
80,4
2555,4
3961,4
936,4
79,4
1691,4
1076,4
2703,4
3976,4
1687,4
924,4
3980,4
2706,4
3924,4
1061,4
2591,4
3909,4
2651,4
1722,4
2650,4
1013,4
1024,4
3799,4
1716,4
3847,4
3853,4
274,4
1043,4
3776,4
3986,4
3871,4
3875,4
1745,4
210,4
2615,4
2610,4
975,4
1754,4
3894,4
2605,4
3896,4
1758,4
2593,4
1704,4
3710,4
1087,4
1088,4
2484,4
868,4
4081,4
2754,4
865,4
2761,4
3650,4
3648,4
190,4
222,4
857,4
1654,4
1819,4
2472,4
851,4
66,4
847,4
2465,4
3622,4
843,4
2780,4
4108,4
1836,4
650,4
2781,4
4123,4
4098,4
1838,4
2742,4
2497,4
1685,4
1093,4
2710,4
2542,4
3999,4
1789,4
4007,4
1790,4
1097,4
344,4
2714,4
1102,4
69,4
3688,4
1106,4
3684,4
893,4
4026,4
2520,4
1803,4
218,4
4035,4
1112,4
2498,4
4051,4
2734,4
4020,4
3359,4
1018,4
2923,4
1506,4
1504,4
388,4
518,4
4656,4
3212,4
3209,4
4665,4
3203,4
4667,4
4669,4
523,4
2153,4
4678,4
504,4
4684,4
1403,4
3024,4
2140,4
1499,4
4696,4
2031,4
488,4
1412,4
4674,4
1387,4
2914,4
528,4
313,4
1360,4
1361,4
4580,4
1993,4
254,4
4589,4
3251,4
2202,4
4596,4
1364,4
4597,4
2199,4
4599,4
4600,4
4602,4
4608,4
3244,4
3235,4
538,4
2185,4
3233,4
531,4
4642,4
3225,4
4700,4
3161,4
483,4
481,4
2054,4
1478,4
3111,4
2058,4
1444,4
2061,4
4778,4
4790,4
4793,4
4797,4
4,4
3070,4
4803,4
2085,4
417,4
4809,4
413,4
1456,4
2082,4
408,4
3080,4
406,4
4827,4
4831,4
402,4
2098,4
2207,4
4757,4
1436,4
1417,4
1491,4
3148,4
4711,4
2038,4
2122,4
3144,4
471,4
470,4
4717,4
2040,4
1490,4
465,4
4723,4
1426,4
3129,4
2109,4
1481,4
3128,4
3123,4
4742,4
452,4
4747,4
2101,4
2100,4
445,4
4570,4
2170,4
2267,4
4478,4
4473,4
4471,4
2970,4
591,4
638,4
582,4
1533,4
1970,4
2933,4
3341,4
4540,4
584,4
3351,4
4514,4
2246,4
2245,4
2925,4
2233,4
3298,4
3346,4
239,4
3282,4
4537,4
2279,4
1342,4
1305,4
1974,4
2284,4
3339,4
2973,4
1329,4
2291,4
3004,4
3006,4
4500,4
1317,4
573,4
1545,4
2253,4
2991,4
644,4
30,4
1327,4
3281,4
2948,4
2959,4
4564,4
2229,4
3332,4
2995,4
618,4
3729,5
1484,5
2702,5
2899,5
3400,5
1306,5
1477,5
3700,5
3122,5
3703,5
1692,5
3431,5
103,5
1081,5
305,5
1257,5
1079,5
3718,5
3434,5
3423,5
166,5
1479,5
3706,5
1435,5
3132,5
1309,5
1573,5
1265,5
2704,5
3531,5
2901,5
3093,5
1045,5
141,5
1042,5
2671,5
1712,5
1467,5
3780,5
1713,5
3088,5
2668,5
3789,5
3772,5
1556,5
3368,5
348,5
2664,5
349,5
1027,5
2663,5
1025,5
2907,5
3821,5
1562,5
1561,5
3079,5
1715,5
3096,5
1706,5
1301,5
3734,5
3110,5
3391,5
1322,5
1062,5
1567,5
2683,5
3742,5
1058,5
3063,5
1472,5
2682,5
3065,5
3749,5
3751,5
1280,5
1304,5
1303,5
3101,5
1450,5
2924,5
1452,5
3752,5
99,5
3378,5
3760,5
1565,5
3062,5
2684,5
3451,5
1323,5
1365,5
1604,5
3247,5
3578,5
1367,5
3583,5
297,5
2793,5
1372,5
3588,5
1165,5
3488,5
3590,5
3012,5
184,5
2855,5
341,5
1378,5
121,5
3231,5
2785,5
1511,5
3603,5
3013,5
3238,5
1217,5
2834,5
1345,5
3260,5
3532,5
2819,5
1199,5
3007,5
337,5
3538,5
1192,5
2810,5
1612,5
1190,5
3506,5
339,5
2808,5
1186,5
2804,5
1626,5
1529,5
3557,5
2824,5
1182,5
1213,5
1629,5
1179,5
1630,5
1640,5
3696,5
3475,5
1641,5
295,5
2745,5
2969,5
1120,5
3675,5
3678,5
3177,5
1497,5
3029,5
2652,5
1114,5
2746,5
2732,5
3457,5
2875,5
1110,5
3160,5
3152,5
1250,5
156,5
3690,5
2716,5
3693,5
3314,5
167,5
2751,5
3182,5
3185,5
182,5
1508,5
1385,5
1643,5
1341,5
3216,5
3614,5
3288,5
3291,5
3623,5
1234,5
1646,5
3625,5
3019,5
2867,5
1337,5
1647,5
2768,5
153,5
1655,5
114,5
3302,5
1586,5
1398,5
154,5
2862,5
3970,5
3076,5
4218,5
4650,5
4285,5
1882,5
745,5
2366,5
4639,5
4636,5
742,5
4311,5
4314,5
736,5
2355,5
2353,5
4622,5
4620,5
2188,5
4325,5
1917,5
2335,5
2336,5
2194,5
707,5
2338,5
757,5
4350,5
3829,5
4340,5
720,5
721,5
722,5
2341,5
2191,5
758,5
759,5
4281,5
2149,5
792,5
263,5
383,5
798,5
1855,5
790,5
4685,5
804,5
2142,5
495,5
4174,5
224,5
4165,5
4200,5
699,5
1866,5
4239,5
762,5
2155,5
4653,5
1877,5
4271,5
4655,5
4235,5
4264,5
4263,5
4260,5
4661,5
4666,5
1868,5
509,5
516,5
4159,5
4372,5
691,5
1944,5
640,5
4458,5
4551,5
2286,5
635,5
1951,5
4468,5
629,5
2272,5
627,5
4547,5
2271,5
256,5
4544,5
4483,5
619,5
2250,5
603,5
2244,5
605,5
4504,5
592,5
2221,5
1962,5
2236,5
2235,5
2268,5
4490,5
586,5
4486,5
612,5
4454,5
645,5
4451,5
4403,5
676,5
4402,5
4575,5
679,5
681,5
4574,5
4591,5
683,5
2201,5
37,5
1999,5
1919,5
4379,5
4395,5
695,5
674,5
2204,5
4446,5
2294,5
4444,5
1934,5
2309,5
660,5
565,5
1932,5
4420,5
1930,5
1929,5
2209,5
1926,5
4416,5
4424,5
817,5
4521,5
4157,5
2099,5
77,5
2552,5
359,5
3078,5
3968,5
4745,5
3964,5
440,5
943,5
3944,5
2056,5
4772,5
3930,5
2096,5
3981,5
920,5
3988,5
4012,5
2532,5
4738,5
902,5
2107,5
904,5
4009,5
4739,5
912,5
2437,5
3996,5
2547,5
916,5
1785,5
918,5
437,5
2092,5
2577,5
2581,5
3858,5
994,5
996,5
3851,5
3844,5
4818,5
1733,5
411,5
3840,5
2640,5
1008,5
2073,5
4834,5
3833,5
277,5
4801,5
1793,5
2630,5
3867,5
2585,5
3921,5
1766,5
3920,5
2588,5
3906,5
1759,5
2063,5
4784,5
2625,5
2087,5
2628,5
1741,5
248,5
3868,5
89,5
2113,5
913,5
4119,5
2464,5
840,5
858,5
2459,5
4063,5
1817,5
2470,5
4072,5
870,5
2120,5
4078,5
4115,5
270,5
4716,5
4710,5
4090,5
4707,5
394,5
4117,5
4093,5
830,5
4128,5
2118,5
4021,5
4729,5
2029,5
1800,5
4728,5
2033,5
891,5
62,5
4106,5
4148,5
4034,5
4104,5
1809,5
484,5
72,5
1814,5
4142,5
482,5
1816,5
2115,5
492,5
2034,5
2148,6
2024,6
2983,6
1482,6
2232,6
168,6
2069,6
2977,6
2145,6
2070,6
250,6
2237,6
2084,6
2241,6
3073,6
1498,6
302,6
1494,6
2018,6
2064,6
2167,6
2172,6
2178,6
2104,6
1510,6
2196,6
1517,6
2181,6
3042,6
2187,6
2044,6
1516,6
2006,6
2189,6
2184,6
2136,6
2162,6
1518,6
2227,6
3021,6
1492,6
2089,6
242,6
1474,6
3014,6
1522,6
2213,6
3011,6
2134,6
3018,6
2060,6
1476,6
2216,6
2653,6
1587,6
1964,6
1795,6
2725,6
2728,6
1805,6
220,6
1673,6
2741,6
282,6
1822,6
1660,6
2762,6
1823,6
2482,6
2767,6
269,6
2474,6
1652,6
284,6
2772,6
1829,6
2467,6
1839,6
2453,6
2439,6
2787,6
2428,6
2794,6
2530,6
1682,6
2533,6
2535,6
2656,6
1728,6
2647,6
2644,6
2638,6
203,6
208,6
1736,6
275,6
2672,6
2678,6
1705,6
2626,6
2796,6
1749,6
1763,6
1701,6
2686,6
2575,6
2691,6
1773,6
2701,6
2570,6
215,6
2554,6
1783,6
200,6
1784,6
1750,6
1857,6
4836,6
2415,6
289,6
1920,6
2333,6
2890,6
1576,6
290,6
2894,6
179,6
2322,6
2319,6
1927,6
1938,6
1939,6
1913,6
2302,6
1555,6
1554,6
259,6
2929,6
1956,6
2936,6
2942,6
1544,6
2944,6
1960,6
2949,6
2952,6
174,6
2912,6
1968,6
1910,6
1588,6
1863,6
2406,6
2404,6
1870,6
2400,6
2813,6
2816,6
2399,6
2390,6
1618,6
2387,6
1613,6
2380,6
2339,6
1883,6
1888,6
2827,6
2369,6
2842,6
2362,6
2846,6
2359,6
2856,6
1898,6
1899,6
2348,6
2865,6
1905,6
2370,6
4837,6
3464,6
3082,6
4125,6
4101,6
848,6
855,6
4091,6
365,6
4073,6
878,6
4043,6
4041,6
364,6
74,6
4014,6
901,6
4010,6
4005,6
3998,6
3990,6
917,6
940,6
944,6
4127,6
3942,6
825,6
4153,6
4274,6
4270,6
4269,6
4251,6
53,6
781,6
786,6
4228,6
370,6
4221,6
57,6
797,6
4208,6
4205,6
801,6
4199,6
4194,6
4191,6
4176,6
4171,6
814,6
4151,6
4276,6
357,6
3927,6
3779,6
3778,6
3777,6
96,6
1048,6
3747,6
1060,6
1063,6
1064,6
3733,6
3727,6
3721,6
1080,6
1085,6
3708,6
1101,6
1103,6
1109,6
1113,6
3679,6
1123,6
3790,6
953,6
3791,6
3825,6
959,6
961,6
85,6
3897,6
972,6
3892,6
3878,6
352,6
984,6
985,6
987,6
93,6
3850,6
1004,6
1007,6
3837,6
3835,6
1011,6
1014,6
1015,6
3828,6
3820,6
1124,6
4282,6
376,6
4670,6
4662,6
526,6
4648,6
4647,6
532,6
4628,6
4624,6
4618,6
4617,6
18,6
546,6
4612,6
4603,6
555,6
4594,6
4584,6
4582,6
4573,6
567,6
4569,6
4679,6
4567,6
4681,6
493,6
2,6
409,6
4821,6
4800,6
422,6
4799,6
424,6
431,6
434,6
4776,6
441,6
4761,6
446,6
9,6
455,6
4733,6
4727,6
464,6
467,6
4702,6
487,6
498,6
4288,6
571,6
4559,6
4419,6
666,6
667,6
680,6
4385,6
705,6
40,6
41,6
715,6
4344,6
4337,6
4336,6
4326,6
729,6
4319,6
733,6
4309,6
4307,6
4306,6
4305,6
4300,6
4423,6
4560,6
4428,6
4436,6
4555,6
4541,6
4539,6
595,6
24,6
4508,6
4502,6
4498,6
4494,6
613,6
4491,6
4479,6
4469,6
628,6
630,6
4459,6
637,6
4455,6
4453,6
4442,6
4439,6
4430,6
3656,6
958,6
2075,6
3468,6
2074,6
3213,6
3204,6
3196,6
1238,6
3541,6
3180,6
3459,6
3173,6
3311,6
1408,6
3218,6
3545,6
3319,6
1242,6
320,6
3171,6
1184,6
1245,6
3454,6
3162,6
3149,6
1251,6
3569,6
1172,6
3313,6
3586,6
3534,6
3222,6
1223,6
3272,6
3480,6
3273,6
3274,6
3261,6
1226,6
3484,6
3489,6
145,6
1228,6
1230,6
3310,6
3253,6
1231,6
1296,6
3494,6
3473,6
3514,6
3515,6
3520,6
3240,6
152,6
1332,6
3309,6
3228,6
3308,6
3323,6
3450,6
1438,6
1431,6
3632,6
1434,6
3587,6
3633,6
3377,6
3367,6
3116,6
115,6
3338,6
3366,6
142,6
3626,6
3342,6
3361,6
1447,6
3104,6
3360,6
1128,6
1451,6
1302,6
3350,6
3099,6
1127,6
3092,6
1297,6
3640,6
3624,6
3264,6
1150,6
343,6
3406,6
3592,6
1149,6
3135,6
3329,6
136,6
3394,6
3407,6
3392,6
3130,6
3403,6
3284,7
3320,7
35,7
2285,7
4382,7
3333,7
4465,7
4466,7
44,7
4409,7
4393,7
2270,7
4470,7
3270,7
4406,7
4462,7
2993,7
3344,7
3307,7
34,7
4431,7
4357,7
2337,7
2941,7
2937,7
236,7
4352,7
4361,7
4365,7
4351,7
4367,7
2946,7
4443,7
2296,7
32,7
2314,7
4374,7
4331,7
2289,7
2325,7
22,7
2261,7
4720,7
4713,7
4712,7
2123,7
2129,7
4704,7
3049,7
3047,7
4722,7
4698,7
3045,7
4692,7
15,7
16,7
3139,7
2147,7
4683,7
3141,7
4697,7
3143,7
3053,7
4735,7
162,7
4822,7
4814,7
4808,7
3066,7
4779,7
3105,7
4777,7
4731,7
3106,7
3114,7
4774,7
4771,7
3120,7
4759,7
4751,7
4749,7
164,7
246,7
4492,7
2154,7
4652,7
3252,7
4532,7
4528,7
4526,7
241,7
4525,7
4522,7
3258,7
2231,7
151,7
27,7
4509,7
2251,7
2252,7
150,7
3001,7
240,7
3000,7
4516,7
4660,7
3246,7
3241,7
4649,7
155,7
3032,7
3172,7
4637,7
17,7
2186,7
4623,7
170,7
3179,7
2193,7
4598,7
3215,7
2203,7
3219,7
3229,7
3230,7
2218,7
3184,7
4316,7
191,7
4313,7
3877,7
3556,7
2627,7
2803,7
209,7
3860,7
2801,7
3856,7
3547,7
2799,7
2637,7
3563,7
3841,7
3564,7
3576,7
2789,7
3832,7
3826,7
3843,7
2623,7
3881,7
3882,7
3925,7
3074,7
212,7
2820,7
2586,7
3524,7
3919,7
3908,7
2592,7
3907,7
211,7
3902,7
2817,7
2598,7
3539,7
2607,7
3890,7
2614,7
3883,7
2786,7
3512,7
2655,7
3812,7
3711,7
3639,7
2707,7
3702,7
3692,7
2765,7
197,7
2721,7
3712,7
3686,7
3649,7
3674,7
3673,7
3664,7
2743,7
110,7
193,7
2760,7
3647,7
3635,7
116,7
101,7
3801,7
3602,7
120,7
3786,7
3782,7
3606,7
202,7
2676,7
3619,7
3768,7
3762,7
2679,7
3745,7
2776,7
2689,7
3737,7
2692,7
2770,7
3732,7
3819,7
4315,7
81,7
3945,7
3409,7
2417,7
3413,7
3427,7
3439,7
3440,7
225,7
3458,7
4219,7
4163,7
2435,7
4158,7
4156,7
3461,7
4135,7
4110,7
2460,7
4107,7
4161,7
2410,7
3402,7
52,7
3357,7
2915,7
2364,7
3358,7
2368,7
4303,7
4295,7
4294,7
4293,7
2909,7
4283,7
2389,7
2906,7
3387,7
2396,7
2397,7
4254,7
3393,7
3653,7
3469,7
3499,7
65,7
4096,7
2522,7
2523,7
2528,7
2529,7
4016,7
2852,7
2849,7
3485,7
4028,7
4008,7
3997,7
3491,7
3493,7
3978,7
3977,7
3973,7
3963,7
3955,7
2838,7
2518,7
4029,7
73,7
2479,7
67,7
4092,7
4085,7
4082,7
4077,7
2491,7
4066,7
4059,7
221,7
3478,7
2496,7
4054,7
4050,7
2499,7
4044,7
2500,7
3479,7
219,7
4097,7
4244,7
2618,7
1392,7
1617,7
266,7
1622,7
317,7
873,7
1208,7
1624,7
597,7
1627,7
1963,7
594,7
877,7
1335,7
1739,7
1631,7
1634,7
1023,7
1860,7
1017,7
1642,7
888,7
330,7
258,7
589,7
390,7
1012,7
576,7
896,7
1026,7
1948,7
1615,7
600,7
1383,7
425,7
1379,7
1989,7
525,7
1377,7
1988,7
1038,7
1194,7
969,7
1200,7
1201,7
1036,7
866,7
312,7
1359,7
460,7
1982,7
1609,7
1204,7
856,7
1979,7
366,7
1848,7
497,7
1849,7
1351,7
1746,7
844,7
287,7
1947,7
1656,7
1255,7
578,7
587,7
1918,7
1679,7
659,7
1707,7
1262,7
510,7
1904,7
581,7
1279,7
353,7
1677,7
322,7
1273,7
507,7
278,7
963,7
280,7
1264,7
1896,7
964,7
1272,7
1890,7
355,7
1271,7
973,7
977,7
1867,7
1710,7
989,7
1313,7
908,7
670,7
1724,7
503,7
1310,7
1308,7
1721,7
329,7
1664,7
668,7
1874,7
664,7
986,7
1292,7
351,7
1672,7
1931,7
999,7
1928,7
932,7
1243,7
1289,7
1876,7
937,7
993,7
1879,7
938,7
1240,7
604,7
524,7
626,7
710,7
1441,7
780,7
1168,7
1126,7
1082,7
1437,7
2053,7
557,7
476,7
1553,7
617,7
1169,7
1155,7
1170,7
2016,7
794,7
1134,7
1135,7
1086,7
2049,7
1166,7
554,7
1537,7
1804,7
1781,7
754,7
303,7
2043,7
760,7
706,7
1465,7
1802,7
2046,7
1540,7
477,7
1543,7
774,7
552,7
1475,7
405,7
776,7
404,7
614,7
1069,7
753,7
631,7
2009,7
2008,7
2057,7
1764,7
1762,7
1761,7
1760,7
634,7
2066,7
2001,7
382,7
1138,7
608,7
1141,7
299,7
563,7
1391,7
1140,7
1050,7
1402,7
2068,7
1409,7
1569,7
1577,7
1177,7
1413,7
560,7
2059,7
1765,7
802,7
561,7
543,7
1065,7
2011,7
1501,7
541,7
2014,7
4705,8
3414,8
2550,8
2690,8
474,8
1153,8
1247,8
296,8
1700,8
1152,8
3447,8
1253,8
1145,8
3620,8
119,8
2538,8
3618,8
23,8
1263,8
3613,8
1786,8
3546,8
485,8
3601,8
3585,8
2580,8
491,8
599,8
13,8
392,8
1176,8
1767,8
1743,8
2589,8
1772,8
3525,8
2590,8
3527,8
4693,8
3536,8
29,8
1181,8
4503,8
601,8
2613,8
3542,8
126,8
1732,8
2639,8
3501,8
2661,8
3466,8
2659,8
3599,8
3598,8
479,8
3477,8
2558,8
1779,8
3596,8
2563,8
1225,8
12,8
1777,8
2606,8
4699,8
2571,8
489,8
1219,8
1218,8
1216,8
3495,8
4523,8
1241,8
135,8
1665,8
2695,8
1414,8
3159,8
3156,8
4590,8
1559,8
530,8
1421,8
2902,8
3142,8
4592,8
4593,8
1552,8
1439,8
3118,8
2935,8
3112,8
3138,8
159,8
4644,8
2892,8
1389,8
1592,8
527,8
3208,8
3202,8
2872,8
3201,8
1572,8
3200,8
2876,8
3198,8
181,8
3188,8
2883,8
1400,8
2886,8
3199,8
1446,8
2940,8
1547,8
173,8
4607,8
3048,8
1496,8
3028,8
4625,8
4616,8
3055,8
2990,8
3020,8
2997,8
2999,8
1505,8
3017,8
3016,8
3009,8
544,8
2972,8
1470,8
3068,8
553,8
551,8
1454,8
2950,8
2951,8
19,8
304,8
3090,8
3089,8
3086,8
2957,8
2958,8
2960,8
2961,8
4635,8
1460,8
1461,8
3217,8
309,8
3227,8
2853,8
4549,8
384,8
2736,8
2739,8
3365,8
3364,8
4664,8
3373,8
1669,8
1667,8
2749,8
117,8
3354,8
4552,8
1662,8
1311,8
2747,8
1675,8
3374,8
1676,8
1269,8
2699,8
279,8
3397,8
3396,8
324,8
1276,8
508,8
1681,8
1680,8
2718,8
3383,8
3381,8
2723,8
2724,8
511,8
137,8
1658,8
1268,8
1657,8
144,8
3275,8
1349,8
3269,8
2828,8
149,8
2830,8
520,8
3276,8
1353,8
3254,8
2840,8
4651,8
2843,8
1605,8
2848,8
2851,8
3256,8
2812,8
2811,8
3293,8
3331,8
2777,8
189,8
2779,8
3327,8
3317,8
515,8
3316,8
3315,8
1330,8
3306,8
3304,8
2795,8
2797,8
2800,8
2802,8
385,8
1653,8
473,8
3617,8
4017,8
435,8
1797,8
897,8
1942,8
75,8
4000,8
4023,8
3995,8
2300,8
76,8
3989,8
3983,8
2306,8
235,8
2299,8
926,8
4025,8
4032,8
4075,8
872,8
4069,8
4068,8
70,8
2259,8
2275,8
879,8
882,8
2266,8
4047,8
257,8
4038,8
4033,8
880,8
4079,8
2310,8
8,8
2345,8
2347,8
962,8
2350,8
2352,8
4752,8
956,8
2357,8
2361,8
3900,8
3885,8
651,8
648,8
1881,8
655,8
2313,8
33,8
657,8
4764,8
4427,8
3956,8
1924,8
939,8
1922,8
2342,8
2326,8
3951,8
444,8
2332,8
1921,8
945,8
949,8
3952,8
451,8
1971,8
4084,8
4287,8
2125,8
2036,8
2131,8
49,8
2135,8
2039,8
4265,8
4369,8
2143,8
4373,8
2023,8
2022,8
785,8
2141,8
2019,8
2042,8
704,8
2080,8
719,8
2071,8
4327,8
728,8
4323,8
4297,8
4322,8
2051,8
741,8
743,8
2110,8
2111,8
746,8
45,8
867,8
4224,8
4217,8
4143,8
2205,8
64,8
4130,8
4391,8
2214,8
4147,8
839,8
678,8
4792,8
677,8
2238,8
4086,8
255,8
1984,8
2158,8
4152,8
819,8
2165,8
4214,8
2168,8
4209,8
4206,8
2176,8
686,8
689,8
4169,8
811,8
4807,8
253,8
2000,8
4806,8
4170,8
2382,8
1515,8
3739,8
4457,8
3805,8
1808,8
3814,8
1807,8
3818,8
1117,8
2419,8
2486,8
2504,8
106,8
4460,8
4721,8
3670,8
1862,8
3763,8
1016,8
2408,8
3824,8
1811,8
3677,8
3800,8
2447,8
2446,8
1041,8
3783,8
2442,8
2449,8
1818,8
3785,8
1843,8
3699,8
95,8
2492,8
4467,8
3794,8
3682,8
3680,8
3770,8
1813,8
4732,8
2405,8
109,8
1019,8
1869,8
3848,8
3746,8
3662,8
2476,8
2521,8
2475,8
3724,8
4714,8
3735,8
2524,8
2469,8
3631,8
2527,8
3743,8
1070,8
3754,8
2385,8
4464,8
2510,8
1837,8
2402,8
4482,8
3654,8
1872,8
1100,8
4484,8
3738,9
3163,9
4207,9
3573,9
1405,9
308,9
1415,9
4210,9
3186,9
3165,9
4175,9
827,9
1160,9
812,9
4587,9
3220,9
795,9
1384,9
306,9
4472,9
4585,9
4136,9
4576,9
1095,9
3178,9
4183,9
4162,9
1092,9
3580,9
4188,9
4581,9
4577,9
3723,9
4164,9
3183,9
4173,9
820,9
4190,9
1411,9
4168,9
4167,9
1091,9
3577,9
823,9
3166,9
3441,9
1159,9
1464,9
3072,9
744,9
301,9
3060,9
165,9
1146,9
735,9
1483,9
711,9
1136,9
4609,9
3043,9
4614,9
3666,9
1137,9
3027,9
731,9
1144,9
1500,9
4328,9
4332,9
43,9
4334,9
1503,9
4341,9
4343,9
718,9
298,9
4345,9
3621,9
3145,9
3081,9
377,9
793,9
1425,9
789,9
4223,9
381,9
1428,9
4225,9
371,9
3125,9
158,9
3595,9
386,9
3117,9
4242,9
4296,9
380,9
4252,9
39,9
772,9
4262,9
1453,9
160,9
3676,9
4273,9
4280,9
4362,9
703,9
4489,9
4359,9
1119,9
4249,9
4237,9
4109,9
367,9
935,9
1022,9
4524,9
3375,9
3376,9
590,9
1288,9
3830,9
3950,9
941,9
3483,9
82,9
83,9
1281,9
3831,9
3815,9
4518,9
78,9
1032,9
362,9
1307,9
139,9
1299,9
1205,9
3356,9
1295,9
3517,9
1294,9
3804,9
3979,9
1207,9
3808,9
3363,9
1010,9
3385,9
3838,9
3476,9
3888,9
3886,9
998,9
1248,9
3449,9
87,9
3417,9
3418,9
983,9
3424,9
3874,9
3872,9
4534,9
3435,9
91,9
3408,9
3798,9
974,9
3895,9
4435,9
960,9
1235,9
3395,9
3839,9
1003,9
3918,9
3845,9
1237,9
3910,9
1001,9
3401,9
3903,9
3852,9
4543,9
1266,9
3226,9
4002,9
4011,9
849,9
853,9
122,9
675,9
3268,9
3566,9
1356,9
4083,9
3561,9
3277,9
3279,9
315,9
3285,9
146,9
3765,9
3257,9
846,9
3255,9
833,9
834,9
568,9
835,9
569,9
1368,9
4120,9
4118,9
4116,9
3248,9
3250,9
4112,9
4111,9
3744,9
3750,9
3287,9
3289,9
869,9
871,9
885,9
4411,9
3318,9
1037,9
3322,9
4557,9
890,9
4027,9
4556,9
3533,9
1316,9
143,9
4022,9
1314,9
1034,9
884,9
903,9
1333,9
3305,9
3558,9
68,9
3294,9
3295,9
607,9
636,9
3300,9
4065,9
3774,9
4507,9
1044,9
1187,9
3303,9
4049,9
4048,9
1193,9
4487,9
4347,9
2461,9
1636,9
2621,9
2920,9
4746,9
2918,9
2371,9
4820,9
1885,9
2378,9
228,9
2052,9
2616,9
2384,9
1753,9
2791,9
2910,9
4743,9
453,9
2395,9
2015,9
1639,9
262,9
1895,9
2939,9
501,9
1923,9
1548,9
4813,9
1549,9
2641,9
4829,9
1734,9
1628,9
1914,9
4638,9
4754,9
2635,9
1907,9
2782,9
2634,9
2344,9
1901,9
1900,9
2171,9
4737,9
2411,9
4643,9
1782,9
288,9
466,9
286,9
216,9
1788,9
2860,9
2531,9
2858,9
1828,9
2488,9
2526,9
1600,9
1602,9
2152,9
1806,9
2505,9
2150,9
2509,9
4817,9
2836,9
4682,9
463,9
285,9
2416,9
2420,9
2423,9
2028,9
2431,9
2587,9
4694,9
2888,9
2884,9
2471,9
2814,9
2454,9
1578,9
2146,9
2562,9
1778,9
1616,9
2463,9
4703,9
2466,9
213,9
389,9
2515,9
2032,9
4781,9
2081,9
1978,9
512,9
387,9
1977,9
2262,9
4802,9
4783,9
443,9
2215,9
172,9
2971,9
1678,9
1708,9
2700,9
4632,9
2067,9
4626,9
4787,9
1703,9
7,9
2979,9
2247,9
2208,9
1972,9
2698,9
2697,9
429,9
1531,9
1688,9
2670,9
4766,9
2693,9
2228,9
196,9
1521,9
2182,9
1983,9
2654,9
2292,9
1720,9
2078,9
2190,9
2756,9
2195,9
1719,9
438,9
2062,9
1684,9
1954,9
2757,9
2738,9
542,9
2758,9
2998,9
4621,9
2220,9
2223,9
2729,9
616,10
2696,10
2694,10
1780,10
2565,10
1787,10
2551,10
1683,10
3641,10
4718,10
3638,10
2519,10
4245,10
2709,10
217,10
2553,10
1796,10
1142,10
697,10
1689,10
4370,10
4672,10
3616,10
2543,10
3607,10
3629,10
1697,10
1702,10
2576,10
701,10
1202,10
2620,10
3444,10
3445,10
1748,10
4513,10
3643,10
2669,10
1717,10
3452,10
3437,10
4676,10
1718,10
3509,10
3507,10
1236,10
1725,10
2643,10
1727,10
3482,10
4267,10
1220,10
771,10
2665,10
1774,10
2619,10
2617,10
4250,10
3582,10
4496,10
2579,10
3575,10
134,10
1699,10
2595,10
1178,10
2603,10
1185,10
4535,10
3420,10
2604,10
3422,10
123,10
1756,10
3551,10
3550,10
2609,10
4364,10
1751,10
1260,10
764,10
3555,10
1735,10
3005,10
3652,10
4037,10
887,10
1952,10
2276,10
4775,10
898,10
899,10
363,10
906,10
4006,10
1943,10
2295,10
909,10
4770,10
919,10
3985,10
3982,10
4212,10
2169,10
658,10
950,10
3939,10
3941,10
4198,10
799,10
942,10
3958,10
2320,10
4429,10
59,10
4425,10
4756,10
4437,10
4380,10
4046,10
2007,10
808,10
4177,10
4178,10
4150,10
419,10
4146,10
4134,10
4131,10
5,10
4392,10
2217,10
4113,10
2224,10
4181,10
2179,10
4102,10
2265,10
4782,10
4058,10
4061,10
4408,10
4192,10
60,10
1965,10
4080,10
2240,10
4089,10
2177,10
1981,10
4186,10
4788,10
1132,10
397,10
86,10
4725,10
1052,10
4545,10
4375,10
1057,10
1832,10
696,10
1067,10
1072,10
3730,10
2477,10
624,10
2478,10
1077,10
3719,10
1078,10
3713,10
779,10
3669,10
2506,10
1107,10
3687,10
3691,10
3761,10
1099,10
3698,10
4236,10
4474,10
3705,10
3709,10
1084,10
345,10
2365,10
2451,10
2450,10
450,10
354,10
653,10
3887,10
2372,10
2376,10
988,10
4450,10
4744,10
3859,10
2161,10
3846,10
1875,10
94,10
1005,10
396,10
2157,10
4726,10
2444,10
2443,10
3784,10
461,10
1844,10
3775,10
3788,10
3793,10
3810,10
3811,10
3816,10
3817,10
457,10
1035,10
3388,10
1164,10
4301,10
2095,10
566,10
4572,10
2859,10
1382,10
1380,10
1430,10
1598,10
3119,10
1440,10
3234,10
2784,10
3067,10
549,10
533,10
3113,10
712,10
1318,10
4338,10
2921,10
1395,10
1394,10
4310,10
1312,10
3131,10
4289,10
3211,10
2771,10
716,10
3051,10
723,10
1593,10
2869,10
1423,10
4830,10
1635,10
1621,10
1619,10
4563,10
3087,10
2114,10
2116,10
3098,10
314,10
3265,10
2821,10
3266,10
1347,10
1611,10
3095,10
2818,10
1328,10
20,10
749,10
1375,10
311,10
4329,10
1466,10
1536,10
4826,10
2845,10
4659,10
2967,10
2966,10
2943,10
1336,10
3100,10
2850,10
1370,10
1659,10
3094,10
708,10
3030,10
3147,10
3175,10
3167,10
2917,10
732,10
2984,10
2985,10
756,10
3371,10
3034,10
3191,10
1566,10
2712,10
1419,10
2908,10
2733,10
1663,10
4663,10
1525,10
194,10
3010,10
4615,10
1671,10
3153,10
2752,10
1575,10
2102,10
1407,10
739,10
3382,10
3039,10
4339,10
1133,11
1603,11
4231,11
3243,11
1129,11
2427,11
2108,11
663,11
2512,11
2903,11
1006,11
1366,11
2511,11
2508,11
2429,11
4740,11
2425,11
3806,11
260,11
2424,11
3611,11
1148,11
1147,11
264,11
914,11
1858,11
4583,11
4709,11
1853,11
2298,11
1568,11
2833,11
3994,11
3992,11
2895,11
915,11
3836,11
1792,11
2947,11
921,11
1357,11
4456,11
3984,11
46,11
1542,11
472,11
2841,11
922,11
925,11
3642,11
3957,11
2436,11
3668,11
3917,11
3716,11
3916,11
1595,11
3769,11
3193,11
3720,11
1880,11
3911,11
2358,11
966,11
2913,11
38,11
1557,11
3210,11
3901,11
1582,11
1831,11
1558,11
1833,11
4641,11
1584,11
3136,11
3748,11
2462,11
3756,11
3891,11
4708,11
2321,11
2911,11
3126,11
2394,11
4730,11
3239,11
3671,11
2327,11
2328,11
4645,11
2440,11
54,11
2493,11
3683,11
1401,11
4579,11
3115,11
3236,11
992,11
2490,11
4640,11
1381,11
90,11
3929,11
2487,11
2485,11
2164,11
4433,11
623,11
1089,11
3869,11
1897,11
4172,11
4003,11
2648,11
1976,11
4554,11
1222,11
4290,11
4529,11
4268,11
2981,11
769,11
768,11
767,11
1486,11
3046,11
2230,11
588,11
3460,11
2076,11
1649,11
3345,11
4358,11
3490,11
575,11
4292,11
2975,11
2175,11
3325,11
3059,11
726,11
3503,11
2137,11
276,11
3057,11
1644,11
2642,11
2293,11
2242,11
593,11
2645,11
4381,11
1320,11
427,11
1985,11
1502,11
3410,11
4673,11
281,11
688,11
818,11
2079,11
4160,11
1523,11
1284,11
3015,11
2003,11
4383,11
4619,11
2708,11
4668,11
2005,11
4363,11
327,11
2687,11
2681,11
4794,11
4394,11
1493,11
3442,11
201,11
61,11
2753,11
2675,11
4179,11
4140,11
4141,11
2037,11
1668,11
1291,11
826,11
1992,11
2988,11
824,11
673,11
428,11
3516,11
2809,11
4412,11
3567,11
4030,11
3084,11
2599,11
238,11
2027,11
3560,11
1459,11
2805,11
1625,11
2964,11
4197,11
2806,11
3572,11
1339,11
2119,11
642,11
3091,11
2955,11
1458,11
1348,11
2556,11
147,11
3280,11
2183,11
161,11
4018,11
1344,11
3584,11
4495,11
671,11
4634,11
1334,11
2274,11
643,11
2041,11
4055,11
3543,11
3544,11
127,11
751,11
1331,11
1744,11
26,11
4193,11
499,11
374,11
4510,11
1469,11
1195,11
892,12
63,12
58,12
433,12
2392,12
2281,12
1528,12
2050,12
1878,12
1535,12
2260,12
3849,12
4019,12
2904,12
10,12
3932,12
907,12
3168,12
4633,12
954,12
807,12
3064,12
900,12
1967,12
2174,12
2256,12
1009,12
2200,12
2927,12
4076,12
875,12
791,12
803,12
1949,12
646,12
968,12
4768,12
4426,12
3137,12
672,12
4811,12
934,12
1445,12
971,12
970,12
2963,12
800,12
3959,12
3898,12
967,12
4440,12
3133,12
2938,12
1893,12
861,12
4095,12
3155,12
3140,12
4184,12
1936,12
4320,12
2163,12
2206,12
2351,12
3948,12
423,12
3033,12
4627,12
3953,12
864,12
3038,12
229,12
4202,12
979,12
1433,12
401,12
3083,12
693,12
3862,12
4546,12
128,12
1594,12
3589,12
2133,12
564,12
379,12
4657,12
1290,12
2582,12
777,12
3207,12
3571,12
1059,12
267,12
2873,12
1757,12
1053,12
1583,12
2763,12
3301,12
3472,12
4658,12
1670,12
2481,12
1386,12
2861,12
3655,12
321,12
31,12
3646,12
2507,12
621,12
3353,12
4553,12
522,12
1709,12
346,12
782,12
1105,12
118,12
2121,12
4248,12
3695,12
2549,12
2825,12
3605,12
378,12
468,12
4488,12
2457,12
3465,12
3530,12
1406,12
2722,12
1203,12
3807,12
2882,12
318,12
2727,12
4646,12
2889,12
734,12
1033,12
3803,12
3792,12
1840,12
3796,12
1851,12
3797,12
4226,12
395,12
3312,12
331,12
3522,12
2130,12
4515,12
2128,12
2017,12
2452,12
4688,12
2612,12
4558,12
2455,12
2837,13
2536,13
3651,13
3972,13
4566,13
2297,13
2156,13
4675,13
1973,13
4421,13
620,13
1541,13
3496,13
838,13
836,13
469,13
4769,13
2632,13
3627,13
665,13
4407,13
4654,13
3637,13
1742,13
2636,13
3075,13
403,13
2622,13
4791,13
1633,13
2657,13
1755,13
496,13
3050,13
3297,13
3467,13
806,13
886,13
4562,13
4819,13
1961,13
2513,13
4629,13
1650,13
4056,13
727,13
3453,13
4272,13
4405,13
439,13
1158,13
1648,13
480,13
292,13
2572,13
2287,13
3456,13
2775,13
237,13
1162,13
931,13
910,13
2315,13
4447,13
4461,13
3,13
3879,13
3880,13
1998,13
1267,13
4387,13
3411,13
2055,13
2919,13
633,13
1055,13
822,13
2871,13
3205,13
268,13
2737,13
3419,13
1841,13
102,13
1416,13
1047,13
1410,13
579,13
2412,13
2421,13
3813,13
2713,13
2132,13
1029,13
3164,13
4671,13
3795,13
4586,13
995,13
227,13
3781,13
1039,13
1270,13
4578,13
3192,13
990,13
1894,13
192,13
3912,13
1256,13
951,13
84,13
4124,13
4476,13
132,13
133,13
1118,13
3326,13
1390,13
1550,13
1711,13
3232,13
3947,13
1104,13
1987,13
325,13
1448,13
3913,13
1125,13
1825,13
1546,13
1903,13
4481,13
2093,13
506,13
684,13
1122,13
3242,13
4753,13
837,14
3003,14
418,14
4342,14
4606,14
1254,14
1212,14
1645,14
1287,14
685,14
4144,14
3343,14
4397,14
2994,14
4185,14
412,14
4533,14
2662,14
3428,14
3355,14
2225,14
1259,14
4137,14
1695,14
420,14
2750,14
536,14
828,14
1224,14
682,14
4677,14
2685,14
1020,14
596,14
3717,14
1083,14
730,14
271,14
1597,14
105,14
3934,14
2489,14
1551,14
534,14
1108,14
1815,14
2495,14
3949,14
4812,14
2151,14
3505,14
2926,14
3722,14
4438,14
1074,14
2900,14
641,14
2407,14
1571,14
4376,14
2905,14
3854,14
4227,14
4241,14
738,14
56,14
4828,14
2877,14
1886,14
1056,14
2870,14
2363,14
4234,14
97,14
2323,14
4719,14
1925,14
1121,14
494,14
4036,14
1953,14
1462,14
550,14
883,14
1623,14
4045,14
3537,14
1326,14
4062,14
1324,14
874,14
3513,14
3508,14
2263,14
1768,14
462,14
1340,14
570,14
2301,14
2047,14
4024,14
517,14
177,14
1941,14
175,14
1156,14
928,14
1167,14
407,14
4330,14
3271,14
1139,14
4824,15
2065,15
4816,15
4258,15
747,15
2021,15
2166,15
4230,15
783,15
4253,15
770,15
243,15
1116,15
347,15
2844,15
108,15
3672,15
1369,15
1519,15
4477,15
3685,15
3221,15
1071,15
2468,15
11,15
3757,15
3766,15
2719,15
350,15
3855,15
291,15
2839,15
1884,15
1791,15
2568,15
580,15
2677,15
3433,15
3438,15
2766,15
1315,15
4530,15
130,15
129,15
2790,15
1211,15
810,15
3290,15
4691,15
2600,15
1171,15
490,15
2829,15
2374,15
3362,15
1560,15
4040,15
2269,15
4042,15
2965,15
1480,15
3154,15
4631,15
4088,15
432,15
3052,15
4400,15
4398,15
2226,15
842,15
4611,15
3040,15
1997,15
1489,15
852,15
1539,15
4067,15
3108,15
1443,15
661,15
1442,15
4758,15
1906,15
656,15
157,15
946,15
2945,16
1487,16
2788,16
1319,16
547,16
2769,16
1293,16
1300,16
2896,16
2124,16
3035,16
2996,16
2127,16
1509,16
1563,16
307,16
737,16
2103,16
3206,16
1471,16
1607,16
3127,16
1355,16
3197,16
4605,16
2807,16
529,16
748,16
4355,16
572,16
4595,16
3190,16
2815,16
1371,16
1350,16
4166,16
3535,16
4548,16
1864,16
4452,16
2731,16
454,16
1002,16
3863,16
1891,16
957,16
2331,16
3960,16
4203,16
639,16
927,16
4415,16
4410,16
4057,16
4785,16
1969,16
4182,16
4396,16
421,16
815,16
813,16
252,16
1933,16
3767,16
1246,16
3704,16
585,16
702,16
3446,16
3455,16
391,16
4531,16
131,16
4266,16
2646,16
399,16
3753,16
2611,16
3562,16
50,16
2537,16
4475,16
3570,16
1812,16
3657,16
2514,16
4706,16
2597,16
416,17
410,17
4388,17
4715,17
535,17
4680,17
4448,17
4780,17
649,17
414,17
558,17
447,17
4401,17
4815,17
2077,17
400,17
3600,17
876,17
2711,17
4087,17
1183,17
2897,17
2317,17
2962,17
3510,17
3497,17
831,17
3481,17
1526,17
2254,17
2980,17
1524,17
112,17
3694,17
2441,17
2433,17
1799,17
3834,17
2391,17
933,17
3667,17
2386,17
3969,17
3971,17
1054,17
1073,17
3987,17
273,17
3802,17
3002,17
2448,17
3121,17
2138,17
2035,17
3283,17
3157,17
3336,17
2048,17
140,17
2091,17
4302,17
3058,17
3054,17
3389,17
3223,17
3390,17
249,17
4189,17
805,17
1986,17
3416,17
4312,17
3176,18
3181,18
3764,18
1399,18
982,18
2483,18
562,18
3865,18
1422,18
1794,18
1046,18
2534,18
3026,18
3245,18
545,18
1239,18
4527,18
3404,18
332,18
1835,18
2982,18
178,18
124,18
1771,18
3369,18
4493,18
3321,18
3299,18
1690,18
1740,18
1261,18
21,18
2602,18
1432,18
3581,18
4519,18
632,18
1842,18
426,18
360,18
2354,18
4155,18
2330,18
2248,18
2249,18
1991,18
4126,18
1958,18
430,18
2303,18
2282,18
1940,18
654,18
854,18
2316,18
373,18
4187,18
230,18
2013,18
3967,18
2197,18
2117,18
662,18
1527,19
2987,19
3498,19
1427,19
2159,19
2198,19
3189,19
845,19
2974,19
4317,19
2934,19
850,19
2083,19
3194,19
4277,19
1227,19
3474,19
4246,19
1285,19
1990,19
4233,19
3107,19
6,19
4132,19
4216,19
3421,19
1980,19
2173,19
4275,19
1354,19
1966,19
2887,19
2885,19
1532,19
2835,19
991,19
997,19
2546,19
2560,19
4422,19
4750,19
2566,19
2569,19
2594,19
4004,19
895,19
4687,19
2329,19
1730,19
206,19
1776,19
3170,19
2774,19
1686,19
3594,19
4767,19
4404,19
609,19
4550,20
1824,20
3922,20
1620,20
3337,20
3102,20
3324,20
2928,20
2545,20
2414,20
3928,20
3823,20
2930,20
863,20
717,20
4773,20
4571,20
3224,20
1418,20
755,20
1031,20
537,20
2564,20
100,20
4760,20
1723,20
2773,20
2288,20
2257,20
3715,20
4122,20
2986,20
3041,20
2932,20
1959,20
333,20
2688,21
2045,21
1714,21
458,21
2730,21
2473,21
1873,21
4604,21
1752,21
3023,21
226,21
3103,21
3031,21
1916,21
1449,21
1996,21
2222,21
1455,21
1599,21
2398,21
1798,21
3134,21
1233,21
113,21
3935,21
3554,21
4485,21
1393,21
3412,21
3725,21
4520,21
71,21
3736,21
4449,21
766,21
4071,21
3993,21
4232,21
4247,22
2968,22
3519,22
3511,22
2516,22
539,22
1801,22
3548,22
3158,22
3809,22
3552,22
2847,22
2544,22
1049,22
2717,22
615,22
1696,22
205,22
1775,22
1130,22
1570,22
2831,22
778,22
3873,22
2367,22
2192,22
3025,22
4741,22
889,22
4299,22
2126,22
442,22
3926,22
3915,22
4804,22
4762,23
1606,23
356,23
1608,23
2212,23
1131,23
2680,23
4561,23
3597,23
3630,23
1632,23
415,23
300,23
2264,23
1209,23
2517,23
3425,23
4786,23
1495,23
1094,23
1115,23
583,23
4810,23
3827,23
2922,23
978,23
606,23
1945,23
602,23
4356,23
1396,24
2277,24
2631,24
4389,24
2349,24
2160,24
4748,24
2726,24
1661,24
4201,24
2976,24
2305,24
2318,24
2210,24
809,24
2540,24
1580,24
3884,24
3822,24
1995,24
647,24
2413,25
1871,25
2601,25
2744,25
4220,25
2916,25
1429,25
1143,25
28,25
2234,25
375,25
1512,25
4832,25
4139,25
1488,25
4366,25
3540,26
4538,26
1845,26
4505,26
1252,26
4279,26
98,26
3565,26
690,26
3644,26
2660,26
4114,26
3923,26
1850,27
929,27
1363,27
4360,27
2025,27
2106,27
559,27
3151,27
1111,27
1530,27
4690,27
2608,27
1729,27
1889,27
1214,27
1591,27
2381,27
4506,27
700,27
47,28
4291,28
4418,28
4105,28
821,28
4121,28
4833,28
2139,28
4763,28
2211,28
475,28
2438,28
2792,28
1376,29
4154,29
1346,29
2180,29
398,29
1827,29
1908,29
687,29
1191,29
3579,29
4346,30
1912,30
4256,30
4734,30
4039,30
2557,31
1637,31
947,31
3174,31
3523,32
4835,32
3889,32
2403,32
502,32
4070,33
3905,33
860,33
4103,33
3608,33
3462,34
548,34
3380,34
3352,34
3214,34
3965,35
3330,35
2541,35
185,36
4413,36
2012,36
2097,36
2583,36
163,36
3904,36
3755,37
3296,37
111,37
2290,38
3386,38
125,38
4298,39
1090,40
138,40
3436,41
2658,41
272,41
3518,42
881,42
4463,44
3328,44
724,44
3249,45
1180,45
198,46
2105,46
436,47
1747,47
4013,51
2255,53
3492,56
1075,56
841,56
2548,58
2280,58
3701,58
2311,61
521,62
3077,63
245,63
2026,65
2243,72
3966,73
4318,73
1769,73
3044,74
2010,81
4588,81
3899,81
4610,83
2458,88
